category,group,n,T_s,M_bins,beta_mean,beta_sd,S_hydro_mean,H_tilde_mean,H_tilde_sd
Hiphop,hiphop,300,240.0045351473922,238.0,0.7246537646387875,0.31956513581682106,5.826459953501983,0.7380106961532555,0.0993815804056348
Carnatic,carnatic,300,240.0045351473922,238.0,0.7314530109558646,0.20629543113090976,6.732735030421872,0.852804362592512,0.043464774427280174
Jazz,jazz,300,240.0045351473922,238.0,0.7413024384447545,0.25717902888587957,6.400898691237305,0.8107721904596967,0.07385664424989637
Folk,folk,300,240.0045351473922,238.0,0.780976412224945,0.2882851247482148,6.236569981200784,0.789957433873388,0.07653324587405554
Pop,pop,300,240.0045351473922,238.0,0.8552818790169621,0.28580665686212126,5.921121200588012,0.750000997883332,0.08960933211240309
Rock,rock,300,240.0045351473922,238.0,0.888683311496833,0.26668007969842694,5.955302393845469,0.7543305713177332,0.08630546983882456
Metal,metal,300,240.0045351473922,238.0,0.9109225767502745,0.2822920719672986,5.96424211803263,0.7554629247747958,0.0952636708815418
Hindustani,hindustani,300,240.0045351473922,238.0,0.9671008319229805,0.34486638351704124,6.648560469541691,0.8421423608334095,0.044698563489374836
W. Classical,western_classical,300,240.0045351473922,238.0,1.1397691166695283,0.2906858348287841,5.939885747545954,0.7523778161355723,0.08114414329724431
